Matric NO,FreqW1,FreqW2,FreqW3,FreqW4,FreqW5,FreqW6,FreqW7
127219,5.8182865,7.240848,2.6068795,2.1834901,6.755464,7.92741,4.649962