Matric NO,FreqW1,FreqW2,FreqW3,FreqW4,FreqW5,FreqW6,FreqW7
262219,4.4875377,3.8418362,3.113655,5.200892,5.936033,5.463731,6.5562385
