Matric NO,FreqW1,FreqW2,FreqW3,FreqW4,FreqW5,FreqW6,FreqW7
579619,2.9247415,5.149227,2.7628785,3.2931846,7.0412385,6.607421,5.488445